phone,price
infinixsmart66632gb,11499
infinixsmart6662gb,11200
infinixhot20i6664gb,13299
infinixhot12play682,16900
infinixnote12i682128gb,21374
infinixhot12i6664gb,16149
infinixhot20i66display2gb64gbdualsim13mp,12999
infinixsmart666display,12800
infinixzeroultra68256gb,68499
infinixnote12vip667,42298
infinixhot12i652display3gb64gbdualsim13mp,15299
infinixhot11play68264gb4gb6000mah13mpdualsim,16950
infinixhot12i6664gb2gbupto,13290
infinixnote12i6824gb128gb50mp,20999
infinixsmart6plus66display,14400
infinixhot20i66display4gb64gbdualsim13mp,15800
infinixnote11pro695,28999
infinixsmart66632gb2gb,11939
infinixsmart6disp66,12770
infinixhot12play682size,20270
infinixhot20i6664gb2gb,12495
infinixnote12i6824gb128gb,21999
infinixhot12play682display,16459
infinixhot12i6664gb2gb,13399
infinixnote1267128gb,28099
infinixnote12idisplay6824gb128gb,19999
infinixzero5g678,32499
infinixsmart666size,11900
infinixhot12i6523gb64gb,14395
infinixhot12i663gb64gbdualsim13mp,16149
infinixhot20i662gb64gb,12690
infinixsmart6662gbram32gb,10499
infinixsmart666displaysize2gb,14000
infinixhot12i662gb64gbdualsim13mp,13699
infinixzero8685,28759
infinixsmart6plusx6511g,14599
infinixnote1267,28700
infinixsmart6plus6632gb,13299
infinixsmart666,12999
infinixhot20idisplay66,14199
infinixhot11play682display,18589
infinixnote1167128gbrom4gbramdual,23999
infinixsmart6plus66,12775
infinixsmarthd202161,15000
infinixhot20i664gb64gb,15199
infinixzeroxpro,36500
infinixnote12pro5g,35050
infinixhot12i652display2gb64gbdualsim13mp6000mah5,15000
infinixhot12i6664gb3gbupto,15399
infinixnote1167128gb,23500
infinixhot12i652display2gb64gbdualsim13mp6000mahessential,15000
infinixnote11pro6958128gbdual,30000
infinixnote12i6824gb,20399
infinixsmart6664g,12499
infinixhot12iandroid1164gbrom,12999
infinixhot12play682128gb,19999
infinixhot20i66display464gbdualsim13mpcamera,16499
infinixhot12i6523gb,15899
infinixhot12play6824gb,17699
infinixsmart6plusscreen,13200
infinixnote11prodisp,28499
infinixnote12i67,21299
infinixsmart6screen66display,12099
infinixhot20i662gb64gbdualsim13mpfreeitems,12995
infinixsmart63g66,11399
infinixsmart6plus2gb,12849
infinixhot12i652display2gb64gbdualsim13mp,14999
infinixnote12i682,20140
infinixhot12play682screen,16800
infinixhot12i6523gb64gbdualsim13mp,15795
infinixnote11prosizedisplay,29990
infinixhot20i6664gb4gb,15289
infinixsmart6x6511b66,12390
infinixhot11play682,16299
infinixzero5g6788gb,32399
infinixzeroxpro667,37900
infinixzero5gdisplay6788gb,32990
infinixhot20i66display64gb,12800
infinixhot1166,15199
infinixhot20i66ipslcd,15800
infinixhot12i66display642gb,13700
infinixhot12i6522gb,13545
infinixhot12i652screendisplay2gb64gbdualsim13mp,13900
infinixnote12vip,45300
infinixhot11play68264gb,15930
infinixnote11pro695128gb8gbdual,30999
infinixsmart666inchesandroid10dual,12399
infinixnote11pro695128gb8gbram,29999
infinixhot12i,15900
infinixnote11pro695128gb,30999
infinixnote1267screen,30500
infinixhot12i66display,14100
infinixsmart666screen,10580
infinixhot12playandroid,19099
infinixhot12682display64gb,17999
infinixnote12i6824gb128gb50mp5000mahdual,23300
infinixsmart6,12298
infinixsmart6plus662gb,12990
infinixsmart64g66,13299
infinixsmart6display66,10599
infinix12play682128gb,19900
infinixnote11pro695128gb8gb,30999
infinixhot12play4,19999
infinixhot11playsizedisplay6824gb64goldla,17800
infinixhot12display6824gb,19499
infinixsmart6663g,10999
infinixsmart6plus,12999
infinixhot12play68264gb,16799
infinixsmart6screen,11399
infinixhot12i652display3gb64gbdualsim13mpcamera,15640
infinixhot126824gb,20499
infinixnote1167128gbrom4gb,24999
infinixhot12i662gb64gbdualsim,13770
infinixsmart6662gbram,13199
infinixhot1268264gb,19399
infinixhot12i652screen2gb64gbdualsim13mp6000mahfree,15000
infinixhot20i66ipsinches2gb64gbdualsim13mpfree,12990
infinixhot20i66ipsinches,13500
infinixhot12i652sizedisplay2gb64gbdualsim13mp,14900
infinixhot12i652screen2gb64gbdualsim13mp,14100
infinixhot126824gb128gb,20499
infinixsmart6x6511g,13458
infinixhot20i66display464gbdualsim13mp,16399
infinixnote11pro695128gbrom8gb,29999
infinixhot12playdisplay,16440
infinixsmart665screen,11500
infinixsmart6plusx651g,13400
infinixsmart666sizescreen,11500
infinixsmart666displaysize,11400
infinixnote11x6634gb,21899
infinixnote12i682screensize128gb,23500
infinixnote12,28199
infinixhot12play68,19100
infinixhot12i6522gb64gbdual,14400
infinixhot20i66ips2gb64gbdualsimessential,12995
infinixhot20i66ipsdisplay2gb64gbdualsimfree,13800
infinixhot20i662gb64gbdualsim13mpfreesmart,12999
infinixhot20i66ips2gb64gbdualsimfreebies,12999
infinixhot20i662gb64gbdualsim13mpwatchpowerbankotggifts,13500
infinixhot20i66ipsdisplay2gb64gbdualsim13mpfree,13400
infinixnote76956gb,20790
infinixhot7x624b32gb,30000
infinixhot6x606d16gb,30000
samsunggalaxya1366128gb,22999
samsunggalaxya136664gb,20460
samsunggalaxya03s65,17599
samsunggalaxya236664gb,24999
samsunggalaxya03core65,12999
samsunggalaxym3264128gb,26899
samsunggalaxym335g66,26399
samsunggalaxya0365screensize64gb,15800
samsunggalaxya03653gb,13700
samsungduossmb310e,2399
samsunggalaxya335g64,37049
samsunggalaxya3264128gb,28399
samsungduosb310edualsim,2090
samsunggalaxya036532gb,14199
samsunggalaxya535g65,48000
samsunggalaxya0365,24199
samsunggalaxyf13664gb,22699
samsunggalaxya1366128gb4gb,23198
samsunggalaxya0365size64gb,16200
samsunggalaxya04s65128gb,19499
samsungadapterforsamsunga33,1300
samsunggalaxym1366128gb,21599
samsunggurumusic2smb310e,2499
samsunggalaxya2366644gb5000mahdual,23444
samsunggalaxys9pluss9,28899
samsunggalaxya23disp6664gb4gb,23880
samsunggalaxya046564gb,15799
samsunggalaxya04s6564,18500
samsunggalaxya04s65,18279
samsunggalaxya2366128gb,28999
samsungduossmb310edual,1880
samsunggalaxya335g,35989
samsunggalaxyf2264128gb,22599
samsunggalaxya535g,43460
samsungduosdualsim,2500
samsunggalaxya3264128gbrom6gb,28999
samsunggalaxya136664gb4gb,20598
samsunggalaxya03654gb,16500
samsunggalaxym136664gb,17499
samsungduosdualsimcardsuperquality,1840
samsunggalaxya0465,16299
samsunggalaxys9plus,29999
samsunggalaxya2366,26899
samsunggalaxynote9,42999
samsunggalaxya0265,14999
samsunggalaxys10plus64,41900
samsunggalaxynote9black,36900
samsunggalaxya1366screensize128gb,22990
samsunggalaxym325g65,24499
samsunggalaxya03s65display,16899
samsunggalaxys105g67,37990
samsunggalaxya23display66128gb4gb,27999
samsunggalaxya026532gb,12499
samsunggalaxytaba7lite,24000
samsunggalaxya3264128gb6gbram,30990
samsunggalaxya03core65display,11899
samsunggalaxys1064128gb,42125
samsunggalaxya03s6564gb,16999
samsunggalaxya1365,18960
samsunggalaxya1366screen64gb,20300
samsunggalaxya735g67,62990
samsunggalaxya3264128gb6gbramdual,28999
samsunggalaxym326464gb,19500
samsunggalaxya5265128gb,50999
samsunggalaxys532gb2gb51in,7999
samsunggalaxys85864gb,24499
samsunggalaxys1061121216,39891
samsunggalaxys94gb,27499
samsunggalaxys7straightscreen,14990
samsunggalaxys21fe64,69999
samsunggalaxya325g65,37599
samsunggalaxya04e6532gb,13200
samsunggalaxynote9note9,34900
samsungduossmb310edualsimcardfreebies,2050
samsunggalaxys95864gb4gb,26999
samsunggalaxya1366screen,20200
samsunggalaxya04s6564gb,18199
samsunggalaxynote1068,60215
samsunggalaxym32128gb6gb,23699
samsunggalaxya03core65screen,12750
samsunggalaxya1366display128gb,24999
samsunggalaxya136564gb,19688
samsunggalaxya03core65display32gb2gbdualsim5000mahfree,11900
samsunggalaxys858,75000
samsungduosdualsimcardb310esuperfly,1840
samsunggalaxynote10plus,56900
samsungadapterforsamsung25w,1300
samsunggalaxys85864gb4gbsinglesimmidnight,24999
samsunggalaxys10plus128gb8gb,42200
samsunggalaxys10618gb,38999
samsunggalaxys10e586gb,29900
samsunggalaxys8pluss8,32999
samsunggalaxya525g,37800
samsunggalaxya03disp65,13440
samsunggalaxya026564gb,13990
samsunggalaxyzfold4,210950
samsungduosdualsimfreecouple,2100
samsungduosdualsimcardsuperqualitysmb310e2,2050
samsunggalaxya03core,11699
samsunggalaxya234g66,28099
samsunggalaxya7367256gb,61999
samsungs21ultra128gbdual,120999
samsunggalaxya335g64display128gb6gb,38500
samsunggalaxyzflip4,105520
samsunggalaxys9plus64gb,26900
samsunggalaxyf12654g,17999
samsunggalaxyf226464gb,19575
samsunggalaxya03disp653gb,13699
samsunggalaxya2366screen64gb4gb50mp,25300
samsunggalaxys10e6gb,29900
samsunggalaxys22ultra5g,152000
samsunggalaxya314gbram,38000
samsunggalaxys10,38499
samsungguruduossmb310edual,1999
samsunggalaxys105g8gbram,42000
samsunggalaxya046532gb,13985
samsunggalaxya0365display4gb,15999
samsunggalaxya23disp66128gb4gb,27999
samsunggalaxynote1063,46900
samsunggalaxynote10,46900
samsunggalaxynote964,38499
samsunggalaxya04s65128,21150
samsunga04s65inchdisplay4gb64gb5000mah50mpgiftsof,17990
samsunggalaxynote96gb128gb,34900
samsunggalaxya036564gb,15680
samsungduosdualsimsmb310efreememorycard,2400
samsunggalaxys105g,43999
samsunggalaxya1366display,20700
samsunggalaxybudsliveearbuds,12579
samsunggalaxys864gb4gb,24900
samsunggalaxya03coredisp,12299
samsunggalaxys1061,42999
samsunggalaxym525g67,37999
samsunggalaxya03core65dual,12298
samsunggalaxya2366display128gb4gb,27999
samsunggalaxya206432gb,16000
samsunga04s65inchpls,17890
samsunggalaxybuds2true,14879
samsunggalaxytaba8disp1053gb,33998
samsunggalaxya2366display64gb4gb,24999
samsunggalaxya535g65128gb,49990
samsunggalaxym3264128gbrom,23999
samsunggalaxym325g64,28999
samsunggalaxya04e6564gb,14650
samsunggalaxya03core65size32gb,11500
samsunggalaxya04lcd6564gb,16500
samsunggalaxya04lcd65,16500
samsunggalaxya04edisplay65,14299
samsunga04s65inch4gb64gb5000mah50mpfreepods,17800
samsunggalaxys1067256gbrom,48999
samsunga04s65inchdisplay4gb64gb5000mah50mpcopperfreesmart,17890
samsunggalaxys225g66,114999
samsunggalaxya1366screen128gb,23500
samsunggalaxya0465lcddisplay,15380
samsunggalaxya535g65128gb8gbdualsim5000mahfree,49990
samsunggalaxya04e653gb,13399
samsunggalaxyf2264dislay,24999
samsungduossmb310ebluefree,2500
samsunga52128gbdualsim,39999
samsunggalaxya236664gb4gb50mp5000mah,25150
samsunggalaxys10plus,44800
samsungduosdualsimsmb310efree,2100
samsunggalaxys108gb,37900
samsunga1366128gb,25499
samsungf12464ram65,19992
samsungs9plus,33800
samsunggalaxya1366display64gb,20999
samsungtaba7lite87,21199
samsunggalaxya03display653gb,13799
samsunggalaxya23display6664gb4gb,22999
samsunggalaxya33646gb,38299
samsunggalaxys105g61,85000
samsunga335g6gb128gb,40000
samsungsmb310duosdualsimsuperfly,1850
samsunggalaxytaba82021,28500
samsungduosdualsimcardb310efreeearphones,1999
samsunggalaxym3264128gb6gb,24990
samsunggalaxya03s65dual,16899
samsunggalaxya136664gb4gb50mp,20599
samsungduodualsimfreegifts,2090
samsunggalaxym32646gbram128gbromdual,23999
samsunggalaxym535g67,41999
samsunggalaxys8,24999
samsunggalaxyf425g66,34999
samsunggalaxys10128gb,42599
samsunggalaxya04s654gb64gb5000,18699
samsunggalaxya7367screen,68599
samsunggalaxya03dualsim,18500
samsunggalaxya5265ram6g,38750
samsunggalaxya236664gb4gb50mp,25300
samsunggalaxytaba,17999
samsungduosfreemembtsport,2490
samsunggalaxym22646gb,50000
samsunggalaxya5265display128gb8gbdualsim4500mah,46000
samsunggalaxytabs6lite,40000
samsunga04s65inchdisplay4gb64gb5000mah50mpfreesmart,17885
samsunggalaxya5265128gbrom,45000
samsunggalaxya0365display,13600
samsunggalaxya04s654gb128gb5000,21649
samsunga04s65display4gb64gb5000mah50mpfreebuds,18250
samsunggalaxya335g64128gb,39599
samsunggalaxya03inches6564gb,15999
samsunggalaxya04s65128gb4gb,20989
samsunggalaxya03core6532gb,12100
samsunggalaxya2366screen128gb,28900
samsunga04s65lcddisplay4gb128gb5000mah50mpgreen,20350
samsungduossmb310efree2coupleswatch,2400
samsunggalaxya13disp6664gb,19999
samsunggalaxya04sdisplay6564gb,18299
samsunggalaxytaba7t505104,33000
samsunga04s65inchdisplay4gb64gbflash,18850
samsunggalaxya04sdisplay65128gb,20999
samsunggalaxytaba7litesize,18800
samsunggalaxya2366display128gb,28900
samsunggurumusic22,2199
samsunga1365,21000
samsungduosdualsimcardb310efreepods,2290
samsunggalaxya2366inch,35000
samsunga04s65lcddisplay4gb64gb5000mah50mpcopperfree,18250
samsunggalaxya7367128gb,55999
samsunggalaxya04e65,13600
samsungandroidsmartphonegalaxya03,13500
samsunggalaxya03lcdinches65,15960
samsunggalaxya043gb32gb50mp,13200
samsungduosdualsimfreememwatch,2600
samsunggalaxya0365size64gb4gb,17000
samsunggalaxya236664gb4gb50mpdualsim,25400
samsunggalaxya03s65display64gb4gb5000mah,16899
samsunggalaxym324g64,29399
samsunggalaxya04lcdinches65,16300
samsunggalaxynote8,38500
samsunggalaxya0465displaysize,15390
samsungduosdualsimbluefreegifts,2600
samsunga04s65size4gb64gb5000mah50mp5,17975
samsunga04s65lcdinches4gb128gb5000mah50mpfreesmartwatch,20700
samsunggalaxya2366inches64gb,26000
samsunggalaxya03coredual,13499
samsunggalaxya0365screen32gb,14350
samsunggalaxya03coreblack,16100
samsunggalaxya03core6532gbrom2gb,13999
samsunga04s65lcddisplay4gb128gb5000mah50mpf9buds,21600
samsungdualsimfree,1990
samsunga04s65size4gb64gb5000mah50mpfreef9buds,18500
samsunggalaxya236664gb4gb50mp5000mahdualsimfree,26500
samsungduosfree4way,2100
samsunggalaxya03core65disp,11600
samsunga04s65lcddisplay4gb128gb5000mah50mpfreebudsand,21200
samsungduosdualsimcardsuperqualityfree,2200
samsungduosdualsimcardsmb310efreegifts,2670
samsunga04s65lcddisplayinches4gb128gb5000mah50mpblack,20350
samsunga04s65inchdisplay4gb64gb5000mah50mpf9buds,18500
samsunggalaxys95864gb,24900
samsunga04s654gb64gb5000mah50mpfreebtwatchringotgselfie,17950
samsungduosdualsimsmb310e,2100
samsunga04s65inches4gb128gb5000mah50mpfreebies,21600
samsunga04s65lcdinches4gb128gb5000mah50mp4classicgiftsla,21800
samsunga04s65lcdinches4gb128gb5000mah50mp5freebiesin,21200
samsunga04s65inch4gb64gb5000mah50mp3freebies,18500
samsunggalaxya1366lcd,20400
samsunggalaxya3364128gb,34899
samsunggalaxya7267128gb,46790
samsungs10plus128gb8gbmidnight,54999
samsunggalaxys20fe,48449
samsunggalaxya236664gb4gb5000mahdual,23999
samsunggalaxys7ltephone,14999
samsunggalaxya03653gb32gb,13599
samsunggalaxym116432gb3gbramdualsim13mp5000,18999
samsunggalaxya306464gb,21999
samsunggalaxya5265size128gb8gbdual,47000
samsunggalaxys7edge55,21999
samsunggalaxynote964single,39999
samsunggalaxynote86gb64gb,30900
samsunggalaxya735g,60600
samsunggalaxys10s10plus,38900
samsunggalaxys9s9plus,26900
samsunggalaxya71678gb,50000
samsunggalaxynote8note8,30900
samsunggalaxyzfold476,244999
samsunggalaxys964gb4gb,24900
samsunggalaxys10s10,38900
samsunggalaxys8plus,27900
samsunggalaxys105g256gb8gb,48999
samsunggalaxys7edge4gb,21990
samsunggalaxynote20ultra,105709
samsunggalaxyzfold3,225000
samsunggalaxya3264128gb6gbdual,28999
samsunggalaxyzflip467,132333
samsunggalaxya7017ghzcpu,85000
samsunggalaxys225g61,108000
samsunggalaxys22ultra68,148500
samsunggalaxys8plusdual,43999
samsungs21ultra256gbdual,124999
samsunggalaxya30s64gb4gb,50999
samsunggalaxys8plus64gb,27900
samsunggalaxys105g67256gb,99000
samsunggalaxynote2067,81999
samsunggalaxya3264128gbrom,28999
samsunggalaxynote863,37999
samsunggalaxya7367display,59000
samsunggalaxynote9646128gbsingle,39999
samsunggalaxys20plus5g,68000
samsungnote10plusmonet,64999
samsunggalaxys10plus8gb,42200
samsungnote10plusblack,67999
samsunggalaxys10pluss10,105999
samsunggalaxydualsia22,25899
samsunga04s65inch4gb64gb5000mah50mp4freebies,17798
samsunga04s65lcddisplay4gb128gb5000mah50mpfreeitems,20950
samsunga04s65lcddisplayinches4gb64gb5000mah50mp5free,17990
samsunga04s65displayinches4gb128gb5000mah50mpfreegifts,21200
samsunggalaxya033gb32gbblackdual,13899
samsunggalaxys1061128gb,45215
samsunggalaxya0465display,15800
samsunggalaxya04653gb,13300
samsunggalaxya03lcd6564gb,15650
samsunggalaxya03lcddisplayinches,15150
samsunggalaxya03display6564gb,15900
samsunga04s65lcdinches464gb5000mah50mpcopper,17700
samsunga04s65displaysize464gb5000mah50mpblack,17700
samsunggalaxya0365screensize,13190
samsunggalaxya04e65lcd,12999
samsunggalaxya04e65lcdinches,14780
samsunggalaxya04e65display32gb,12980
samsunggalaxya04e65displaysize,12750
samsunggalaxya04e65inches64gb,14280
samsunggalaxya04e65inches,14750
samsunggalaxya04e65size32gb,12984
samsunggalaxys105gblack,40900
samsunggalaxya04e65inches32gb,13034
samsunggalaxya04e65lcddisplay,14700
samsunggalaxya04e65display,13380
samsunggalaxys862inches,79999
samsunggalaxyj1acesmj110h,10999
samsunggalaxya12654,16352
samsunggalaxya7267256gb,54000
samsunga12654gb,15720
samsunggalaxya116432gb,14299
samsunga02s653gb,15999
samsunggalaxya5265,40000
samsunggalaxya3264,34999
applebrandnewapple,179999
appleiphone5s16gb4inch,9053
appleiphone541gb16gb,8493
appleiphone6s64gb,19999
appleiphone1461128gb,122999
appleiphone6s2gb128gbram12mp,36990
appleiphone1361128gb,110999
appleiphonex256gb3gb,44900
appleiphone6s472gb32gb12mpsingle,49999
appleiphone7plus55,31000
appleiphonex64gb3gb,38499
appleiphone13256gb,119999
appleiphone1461256gb,139999
appleiphone5s40inch1g16g8mp,13990
appleiphone6splus64gb,56000
appleiphone6s472gb128gb12mpsingle,36990
appleiphone6s472gb32gbram12mp,32990
appleiphone13pro,154999
appleiphone6s472gb,21990
appleiphone5s40inch1g32g8mp,42990
appleiphone6s472gb128gbram12mp,59999
appleiphone7plus,34499
appleiphone8plus,44999
appleiphone5s40inch1g64g8mp,20999
appleiphone6s472gb16gb12mpsingle,39999
appleiphone14pro,184999
appleiphone14128gb,123999
apple13pro128gbgold,149700
appleiphone6s2gb32gbram12mp,32990
appleiphone14pro128gb,172999
applea2403a2172a2402a2404,94880
appleiphone6plus55inch,16473
appleiphone14pro256gb,183999
appleiphone6s2gb,17990
apple13pro128gbsierra,142999
apple13pro128gbgraphite,139999
apple13pro128gbsilver,139999
appleiphone13pro61,160999
appleiphone1161,85899
appleiphone14promax,186300
appleiphone6splus,24999
appleiphone13promax,169999
appleiphone6s16gb,50000
appleiphone114gb,90000
appleiphone616gb,32999
appleiphone7472g128g12mp,31900
appleiphone647inch1g16g,21980
appleiphonex58,45999
appleiphone8256gb2gbram,34999
appleiphone14pro61,170999
appleiphonexr128gbsingle,49000
appleiphone8plus64gb,38023
appleiphone8plus55,37999
appleiphonex256gb,59000
appleiphone540inch16gb,7500
appleiphone5s16gb,9400
appleiphone6s47inch,52395
appleiphonexsmax64gb,75000
applenewiphone13with,160000
appleiphone11128gbsingle,64999
appleiphone6s128gbgoldsliverspacegreyrosegold,43999
appleiphone864gb,29499
appleiphonexr128gb,48999
appleiphonexsmax256gb,61999
appleiphone847inches,28499
appleiphone7472gram128g12mp,31900
appleiphone6s4764gbrosegold,58000
appleiphone6splus55inch,26990
appleiphone13withfacetime,160000
appleiphone647inch,14000
appleiphone7plus55inch,67990
appleiphonex5864gb,42499
appleiphone6s47,18199
appleiphone13128gb,115999
appleiphone6s128gb2gb,43999
appleiphone647inch1g128g,77500
appleiphone6plus55inch1g128g,35500
appleiphonex583gb256gbsuper,58500
appleiphone732gb2gbram,60999
appleiphone6plus64gbgoldsliverspacegrey,46000
appleiphone732gb,50000
appleiphone6plus55,21990
appleiphonex58inch3gbram,96490
appleiphone6s472gb64gbram,59999
appleiphonexsmax,68999
appleiphone5s4g,9500
appleiphone7,45000
appleiphone5s16gb1gram,9500
appleiphone747,42000
appleiphone5s404g,9500
appleiphone5s40inch1g16g,9500
appleiphone7128gb,49000
appleiphone647inch1g64g,25500
appleiphone54,13990
appleiphone5ssmartphone4inches16gb,17180
applerefurbishediphone5s,15999
tecnospark8c6664gb,13050
tecnocamon1968128gb,22800
tecnospark8p6664gb,17870
tecnopop6612gb,13499
tecnospark9664gb,16699
tecnocamon1868128gb,26500
tecnocamon18premier67,33500
tecnopop2f5516,7793
tecnopop6go6,11199
tecnospark96613mp,16349
tecnopop6go,12399
tecnospark96664gb,16899
tecnopop6go6display,10550
tecnospark8c6564gb2gbram16mpdual,15499
tecnospark9t6664gb,16960
tecnocamon1968inch,28388
tecnospark9t66,18298
tecnospark76564gb,13999
tecnopovaneo4gbrom,17300
tecnoobsidianblackpovaneo,16299
tecnopop56132gb,9970
tecnospark9t664gb64gb13mpdual,17880
tecnot301dualsim,1999
tecnocamon19pro68,33499
tecnospark9t664gb,16999
tecnopop2f5516gb,9999
tecnospark96664gb4gb13mpdual,15399
tecnopovaneo6864gb,16690
tecnospark8c6664gb2gb,13299
tecnocamon17pro68,28999
tecnopop2f55,8220
tecnocamon1968inch128gb4gb,23250
tecnot301dualsimfm,1699
tecnospark8c65,14999
tecnocamon18premier67256gb,29999
tecnocamon19686,26449
tecnospark8c6564gb,15655
tecnospark9pro66128gb,21999
tecnot402triplesimcardsmemorycard,2298
tecnospark9pro66,21299
tecnospark8cscreen,13299
tecnospark9t6664gb4gb13mpdual,18799
tecnot402triplesimfm,2499
tecnospark8cdisp66,12699
tecnospark9pro,21250
tecnospark76864gb,13398
tecnot372241500mahfmradiotripple,2199
tecnot52816mbrom,3340
tecnot301dualsimwith,1599
tecnopop5go571,8899
tecnopovaneo684gb,17272
tecnospark7display65,13499
tecnot351dualsimcamera,1999
tecnospark9t6613mp,17399
tecnopop5612gb,10890
tecnot402triplesim,2399
tecnospark9t66display,17898
tecnospark765display64gb,12995
tecnopop2f1gb,7919
tecnopop6prodisp66,11499
tecnopop2f16gb1gbram55,8300
tecnopop6pro4g,12799
tecnospark9prodisp66,23199
tecnospark966,16624
tecnopop6godisplay60,9440
tecnospark8c65display64gb,13990
tecnopop64g,12499
tecnopop6prodisplay66,10999
tecnospark8p66display128gb,19200
tecnopop5pro652,12800
tecnot101dualsimwireless,1699
tecnopovaneo4gbram,15500
tecno528dualsimcamerafmradioblack,3400
tecnocamon1968display128gb,22999
tecnospark9pro66128gb4gb50mpdual,21900
tecnospark8cdisplay66,13440
tecnopovaneo68,17499
tecnocamon17prodisplay,26660
tecnot52816mbrom8mb,3300
tecnot475fmradiodualsimfree,2990
tecnocamon1868inch128gb4gbram48,23100
tecnot52928displcdscreengsm,3220
tecnocamon1968display128gb4gb,24200
tecnospark9disp6664gb,15660
tecnot301dual,1775
tecnospark9664gbram64gbblackfree,16400
tecnospark8c66,12950
tecno3014mb4mbdualsim,1710
tecnot52816mbrom8mbram,2770
tecnot301fmtorchmemorycard,1880
tecnot529screensize28lcdscreen,2950
tecnot45428dualsim,3999
tecnopovaneo68display,17500
tecnopop6pro66,12270
tecnospark8c6664gb3gb,14699
tecnocamon1968128gbrom,23490
tecnospark9prodisplay,20999
tecnot52816mb8mb,2899
tecnospark9tdisplay66,16440
tecnocamon18i66,21450
tecnospark8p6664gb4gb50mpdual,17299
tecnocamon19684gb128gb5000mahsmartwatch,23999
tecnospark9t66display4gb64gb13mpdual,17039
tecnocamon15premier66,26599
tecnot301dualsimwireless,1700
tecnot301phonebutton,2200
tecnocamon17pro688gbram256gb5000mahblueback,29999
tecnospark9pro66128gb4gb50mp,21770
tecnot4023sim,2599
tecnocamon18128gb,23699
tecnocamon18i66128gb,22999
tecnopovaneodisp68,16699
tecnospark9t66display128gbrom4gbram13mpdual,20145
tecnot301dualsimwithmemcard,1899
tecnot4023simcardswireless,2650
tecnot101dualsimwirelessfm,1549
tecnocamon1968size,23500
tecnot4662500mahbattery4mb,2400
tecnot402triple,3169
tecnospark8c66insize64gb,14920
tecnocamon1866128gb,23000
tecnocamon1968128gb4gbdual,23999
tecnopovaneo684gb64gb,17099
tecnot37224display1500mahbatteryfm,3399
tecnopop561screen2gb32gbdual,9899
tecnocamon19128gb4gbramdual,23999
tecnopop5go1gb,9599
tecnopop5go57116gb,9499
tecnot37224flashcamera1500mahfmradiotripplesimblack,2300
tecnopop6go3g6,12000
tecnocamon18p68128gb,27498
tecnopovaneo64gbrom,17150
tecnocamon1866128gb4gb,23999
tecnopop5pro6522gb32gb8mp4g,12198
tecnocamon1968size128gb,24300
tecnocamon19pro5g68,49055
tecnospark96664gb4gb13mp,15999
tecnot475display2864mbrom,2890
tecnot402triplesimcards,2649
tecnot37224flashcamera,2499
tecnopop66132gb,11238
tecnot301dualsimfmbluetoothtorchmemory,2140
tecnot372241500mah,2230
tecnocamon1968inches4gb128gb5000mahfreewrist,23800
tecnospark9t66display128gbrom,18955
tecnopop2fdisplay55,7999
tecnopop661,13499
tecnocamon17p68128gb,26790
tecnospark765screendisp,13000
tecnopop5p652display2gb,11195
tecnocamon19pro68inch256gb8gb,36199
tecnopop5go,8660
tecnocamon1968inchesdisplay4gb128gb5000mahsuperfly,22999
tecno12pro6464gb,20300
tecnocamon19prodisplay,34500
tecnospark9t66128gb4gb13mpdual,20300
tecnopop5571,10681
tecnocamon18i66display,21199
tecnopop6display61,11699
tecnospark765display,14999
tecnospark8p66,17240
tecnot4023,2999
tecnopop3571gb,9000
tecnospark9t66display128gb4gb13mpdual,19950
tecnopop661display,13390
tecnot37224flashcamera1500mahfmradiotriple,2192
tecnopop6pro,13250
tecnocamon18display68128gb,23399
tecnot301dualsimphone,1799
tecnopop5prodisp,13600
tecnocamon18premier256gb,33999
tecnospark8p664gb,17499
tecnot352dualsimsuper,1980
tecnopop6go632gb,10000
tecnocamon18premier256,33849
tecnocamon1968128gb6gbdualsim5000mah,25950
tecnot45428,2590
tecnospark9t66inch,21999
tecnopop661screen,12380
tecnopop5pro6522gb32gb8mp2g3g4g,13459
tecnopop5pro652size,13200
tecnot301dualsimfmbluetoothtorchmemorycard,2100
tecnocamon19pro5grom,41150
tecnocamon1968128gb4gb,23999
tecnot301dualsimmemcardslot,1700
tecnopop561display2gb,11150
tecnocamon18p68screendisplay,28900
tecnopop5pro6522gb,12765
tecnocamon17pro688gbram,29999
tecnocamon1868inch128gb4gb,23900
tecnopop2f5516gb1gb2400mah,8299
tecnopop2f55display16gb,8799
tecnospark9pro66inches128gb,21299
tecnopop6godisplay,9440
tecnof1508gb,8000
tecnopop5power602gb32gb,10999
tecnot372241500mahfm,2690
tecnopop561display32gb,9690
tecnospark765sizescreen,13720
tecnospark8c6564gb2gb,13300
tecnopop2f55displayandroid8116gb1gbdualsimringcoverotgmidnightblack,8100
tecnot40224fm,2840
tecnot474dualsim28,3850
tecnot4662500mah4mbrom4mbram,2560
tecnospark8c6564gb2gbram13mpdual,13550
tecnopop5screendisplay6132gb,9800
tecnocamon1868inchdisplay,23510
tecnot301memcardslotand,1699
tecnocamon1968screen,24300
tecnot313177display1150,1999
tecnocamon17pro68256gb,27000
tecnot47516mb8mb1900mahbattery,2750
tecnospark9tdisp664gb,17220
tecnot301154dispalydualsimwith,1699
tecnopop56132gb2gbdual,10500
tecnospark8pdisplay66,16995
tecnopop5pro652screen,13100
tecnospark8c66lcddisplay3gb64gb5000mahdualsim,14800
tecnospark8c66lcdinches2gb64gb6freebies,13980
tecnot40224display,2499
tecnocamon19pro4g68,35999
tecnot402triplesimcards177mem,2600
tecnospark8c66screendisplay64gb,13600
tecnospark8c66display64gb,15699
tecnocamon18i66128gb4gb,20795
tecnocamon1968dispsreen,28200
tecnot301dualsimmemory,1650
tecnopop2f55displayandroid8116gb1gbdualsimringcoverbtmidnightblack,8300
tecnocamon1968fhd6gb,29750
tecnot529lcdscreengsm,2950
tecnocamon19pro5g,42999
tecnot301golddualsimmemory,1695
tecnot37224flashcamera1500mahfmradiotripple,2998
tecnot528dualsim,2999
tecnot351dualsimblackwith,2499
tecnospark9t66128gb,18498
tecnospark8c66screensize64gb,13600
tecnospark8candroid12,15300
tecnot37224triplesim,2169
tecnopop6go62gb,10199
tecnopop5612gbram32gbrom,10332
tecnospark8c66dispsize64gb,13450
tecnopop5lte652,12140
tecnocamon18i664gb128gb,22499
tecnopop5pro2gb,12900
tecnot313dualsim,2490
tecnot47516mbrom,3180
tecnonote42gb,11999
tecnopop51gb,12899
tecnocamon19684gb128gb5000mahfreewatch,23800
tecnocamon17pro,29999
tecnof3propop1pro5516gb,15000
tecnocamon18p68display,29400
tecnospark966inches4gb64gbdualsim,16480
tecnopop64g6,11499
tecnot52928lcdscreen,3171
tecnospark8c66display,14400
tecnocamon19pro256gb8gb,36299
tecnopop5go571display1gb,9900
tecnopark966size13mp64gb,16500
tecno101dualsimcamerablack,1800
tecnospark8pkg7h66fhd64gbrom4gb,17200
tecnot4662500mah,2299
tecnot301177displaydual,1650
tecnospark8p66display64gb,17400
tecnocamon18i664gb,22999
tecnopop6go6inches32gb,9899
tecnot352dualsimcamera,2499
tecnospark8c66screen,13600
tecnopop35716gbrom1gbram,8699
tecnot52928dual,3350
tecnopop56132gb2gb,9690
tecnopop2f55displayandroid8116gb1gbdualsimbtringotgmidnightblack,8150
tecnopop5611gbram16gbrom,11899
tecnopop2fdual,8909
tecnopop2f5516gb1gbfreegiftsblackdualsim,8350
tecnot45428dualsimfm,3999
tecnopop5611gb16gb,9170
tecnocamon1968disp128gb6gb,28999
tecnospark9664gb64gb5000mahdualsimfree,16480
tecnopop5pro652inches2gb,12600
tecnospark8c66screensize64gb3gbdual,15300
tecnopop6godisp,9499
tecno402triplesim,2589
tecnopop2f551gb,8375
tecnospark9t664gb128gb5000mahdualsimfree,19699
tecnopop6go3g,9850
tecnopop2f16gb1gbram552400mahbatterydual,7999
tecnot101dualsimwirelessfmblackmemcard,1490
tecnot201dualsimwireless,1820
tecnot37224screen1500mahfm,2990
tecnocamon18idisp66,21440
tecnonewtecnospark,19900
tecnocamon18i68128gb4gbram5000mah,21000
tecnot4662500mah4mb,2250
tecnopop6go616gb,9000
tecnot349dualsim,2500
tecnot3012sim,1799
tecnopop2fblack551gbram16gbromdual,7995
tecnocamon17pro688gbram256gbdual,29999
tecnospark966inches4gb64gb5000mahdualsim4g3,16380
tecnospark9t66sizescreen,19685
tecnopop6pro66232gb5000mah5,12800
tecnospark8c66displaysize2gb64gb5000mah5freebies,13899
tecnopop2f16gb1gb55display2400mahbatterydual,7999
tecnospark9t66sizedisplay,17200
tecnot301dualsimcard,1569
tecnot301dualsimwithmemorycard,1699
tecnopop532gb,10884
tecnot9013g,4099
tecnospark9t66lcd,19250
tecnospark8cscreen65,13199
tecnot402triplesimcards177,2850
tecnospark9t66display4gbram64gbrom13mpdual,17555
tecnocamon1868display128gb4gb,24899
tecnospark8p6650mp,18999
tecnopop2f55displayandroid8116gb1gbdualsimheadphonesmidnightblack,8299
tecnospark216gb1gb,15500
tecnot352dualsimsim,2406
tecnotriplesimt37224,2500
tecnospark9t664gb128gb13mpdual,18880
tecnot372disp24triplesim,2440
tecnot101dualsimmemcard,1600
tecnocamon18premier67display256gb8gb,38399
tecnopovaneo68display4gb,16999
tecnospark8c66screendisplay,14800
tecnospark8p66dual,18999
tecnot301dualsimgold,1699
tecnospark8p66screensize64gb,19500
tecnopop6go4g,10800
tecnospark966lcddisplay4gb64gbdual,16600
tecnocamon17pro688gb256gbdual,29999
tecnot301dualsimmemcard,2500
tecnothreesimcardphone,2799
tecnocamon1968128gb6gbdual,28250
tecnot313featurephonedual,1940
tecnot352dualsim,1999
tecnocamon18premier67inches,33999
tecnot528model16mbrom,2895
tecnot4662500mah4mbrom,2350
tecnot101memorycardslotwirelessfm,2299
tecnot52816mb,3150
tecnopop6pro66lcd,10990
tecnot3131771150mah,2000
tecnot301dualsim177,2399
tecnocamon18premier67256gb8gb,30999
tecnot301dualsim177withmemorycard,2299
tecnocamon19684gb128gb5000mah3freebies,24200
tecnocamon19pro68display,35400
tecnospark8pdisp66,17440
tecnot3012simfm,1949
tecnospark9t664gb64gbdual,17999
tecnot52816mb8mb2500mahfmdualsimblack,2899
tecnopop6pro66screen,12750
tecnot372black24flashcamera1500mahfmradio,3299
tecnoinfinixsmart666,11839
tecnocamon18premiersmart,33999
tecnot301dualsimblack,2399
tecnocamon19disp68128gb4gb,22990
tecnocamon1968inches4gb128gb5000mah4glteblackfreegifts,23890
tecnot529screensisplay28,3450
tecnot101177displaydual,1490
tecnospark9t6664gbrom,16800
tecnocamon18p68screen,26166
tecnopovaneo64gb,17499
tecnospark8p664gb64gb,17699
tecnospark8c662gb64gb5000mahcoverbuds,13999
tecnopop64g61display,12299
tecnopop6go16gbrom,9170
tecnocamon1968inchesdisplay,22999
tecnot313177,1699
tecnot454dualsimbigscreen,2297
tecnopop2f55display1gb,8800
tecnot301dualsim177display,1899
tecnocamon18p68,28999
tecnopop661screen32gb,12000
tecnopop6sizedisplay61,11600
tecnot37224tripplesimflash,2899
tecnot528battery2500mahfreesmartwatch,3395
tecnot313dualsim4mb,1800
tecnot45428dualsim1500mahchampagnegold,2599
tecnot301dualsimfmbluetoothtorch,2399
tecnopop2f5516gb1gb,7999
tecnot529displaysize28blackfree,3450
tecnopop6go32gb,9594
tecnospark8c65screen,13440
tecnospark9t664gb128gbdual,19199
tecnocamon19681284gb,22700
tecnopop2fdualsim,8999
tecnospark9t66lcdinches128gb,19699
tecnocamon18p68screendisplay128gb8gbdual,29500
tecnopop6go6size,9599
tecnospark9t66screen64gb,16400
xtigis23mini,1994
xtigisharp24gnetworkoctacore4gb,12499
xtigis2310000mahpowerbank,3000
xtigis23minibigtorchfm,1830
xtigib310dualsim,1595
xtigi3308supertinydual,1699
xtigis23miniblackdual,1749
xtigi3308supersmall,1770
xtigib310177displaysizedual,1500
xtigis23phone10000mah,3200
xtigisharp2712,16899
xtigib310177displaycamera,1989
xtigim20s6532gb,11350
xtigim20s65displaysize,11200
xtigi9c6632gb,10190
xtigiq10dualsim1300mah64mb,2900
xtigis23minibigtorch,2489
xtigismartv12screendisplay,6500
xtigia10c6332gb,9850
xtigiv12s5display,7500
xtigisharp2712screen,14600
xtigi3308supertiny,2500
xtigis23minibig,1799
xtigiherobooktablet101,16400
xtigi2300dualsimphonesuperfly,1800
xtigib310dual,1750
xtigis23minitorchspeakerfm,1550
xtigi3306supertiny,1795
xtigitg106wirelessfm,1450
xtigihope7max,10000
xtigi2300dualsimphonece,1690
xtigis23minbig,2700
xtigixtigimobiles23mini,1999
xtigib310dualsim17,1950
xtigi3306supertinydual,1690
xtigis23minidualsimtorchfm,1599
xtigi3308dualsim,1750
xtigib310dualsimcamera,1550
xtigib310177display,1995
xtigia10s63displayscreen,10500
xtigia10s6332gb,10799
xtigismartv12s5,7899
xtigib310sizedisplay177displayfm,1695
xtigis23minbigtorchbig,2890
ferovibe54516gb1,8999
wikoy616display32gb,12999
wikof100dualsim18bluetoothfm,1890
wikof100sizedisplay18fm,1590
wikof100dualsimsizescreen,1790
wikof100sizedisplay18,1790
wikof100dualsimfmradioled,1490
wikof100dualsim18display,1390
wikof100dualsim18screendisplay,1390
wikof100dualsimbluetoothfmradioled,1790
wikof100bluetoothledtorchfreegift,1990
wikof100sizescreen18fmradioled,1790
wikof100dualsimsizedisplay18,1700
wikof100dualsimsizedisplay,1590
wikolenny4plus55,6799
wikof100sizedisplay18led,1790
itel21601832mb,1399
itel21631832mb,1399
itelp386632gb,8399
itel21731832mb,1499
itela14plus48gb,5299
itels186664gb,10499
itela586616gb,8699
itelp1754516gb,7499
itela375716gb,7999
itels176616gb,8600
ankersoundcoremini3ipx7,4900
ankerbolderlc30300lumens,1900
ankerpowerportatomiiislim,5900
ankerpowerextend6in1usbpower,3900
ankerpowercoreselect20000mahpower,6900
eufyhomevacs11go,31900
anker610magneticphonegrip,1900
ankersoundcorelifedot2,7900
ankerpowerlineiii3ft60w,2700
ankerpowerlinemicrousbcable,1300
ankerroavsmartchargef3,6500
ankersoundcorelibertyair2,13500
ankerpowerportiii25w,2900
ankereufysmartscalep1,5500
ankerpowerlineii3in1cable,2900
ankerpowerwaveselectmagneticwireless,2900
ankerpowerlineiii6ftnylon,3900
ankerpowerdrive248a,1900
ankerpowerdriveiiiduo,4500
ankerpowerport118w,2500
ankersoundcorespiritdot2,10900
ankerpowerlineiilightningto,1600
ankersoundcorelifep3,11500
anker2packpowerlineiilightning,2500
ankernanoii65w,6500
ankerpowerportpd2,3900
anker24packaaaalkalinebatteries,2500
ankersoundcoreflare220w,10900
ankerpowerdrive2elitewith,2900
ankerpowerlineii3ftlightning,2200
ankerpowerlineiiiusbcto,2300
ankerpowerwavemagnetic2in1charging,5500
ankersoundcoreravepartycast,25900
anker623magneticwirelesscharger,9600
ankereufysmartscalec1,4500
ankerpowerportiii65wpod,6500
ankerpowerlineselectnylonbraided,1900
ankersoundcore316wipx7,8500
vivoy21651,15999
vivoy15s65132gb,12799
vivoy0165132gb,10999
vivoy53s658,27999
vivoy22655,19999
vivoy33s658,23999
vivov25esmartphone64450mp,34999
vivov255gaquamarineblue,56999
vivov255gdiamondblack,56999
applewatchseries6gps,65000
applewatchseries845mm,85000
appleairpodspro2ndgeneration,50000
applewatchultra49mmtitanium,145000
apple140wusbcpoweradapter,14655
appletv4k,45000
applebeatsearphoneswirelesspowerbeats,50000
applewirelesschargingcasefor,10776
applelightningtodigitalav,6466
applecableapplelightning,4310
apple85wmagsafe2power,11207
applepencil1stgeneration,15517
applecablelightningtousb,3448
applesmartkeyboardfoliofor,25862
appleearpodswithlightningjackwhite,4310
applepencil2ndgenzml,17241
applemagickeyboardforipad,60345
apple5wusbpoweradapter,2000
applemagicmouse2,15000
appleusbctolightningcable,4741
appleusbcdigitalavmultiport,10345
appleusbcchargecable1m,3448
applethunderbolt3usbctothunderbolt,6466
applecableusbc,4741
apple85wmagsafepoweradapter,11207
appleusbcvgamultiportadapter,10344
apple45wmagsafepoweradapter,11207
apple45wmagsafe2power,11207
oppoa16k65232gb,12999
oppoa1765664gb,17999
opporeno75g64,54999
oppoa5720224g656464gbdual,21999
opporeno84g643,42999
oppoa776564128gbdual,28998
opporeno85g64,59999
oppoa77s656128gb,29999
opposupervooc80wcarcharger,2999
